"last_name, first_name","pitch_hand","active_spin_fourseam","active_spin_sinker","active_spin_cutter","active_spin_changeup","active_spin_splitter","active_spin_curve","active_spin_slider","active_spin_sweeper","active_spin_slurve"
"Roberts, Ethan","R",,"60.2","45.6",,,,,"69.5",
"Funderburk, Kody","L",,"79.5","57.7","91.1",,,"56.6",,
"Uribe, Abner","R",,"69.9",,,,,"34.7",,
"Ashby, Aaron","L",,"83.9",,"77",,"88.1","45.9",,
"Bowman, Matt","R",,"89.6","60.3",,"81.9",,,"49.5",
"Peguero, Elvis","R",,"94.3",,,,,"25.6",,
"Koenig, Jared","L",,"81.5","48.5","92.7",,"80.5",,,
"Keuchel, Dallas","L",,"80.5","31","87.4",,,,,
"Chavez, Jesse","R",,"92.1","69.5","96.4",,"80.4","45.5",,
"Nittoli, Vinny","R",,,"56.6",,,"68.7",,"39.9",
"Emanuel, Kent","L",,"76.6",,"80.4",,,,"58.9",
"Burnes, Corbin","R",,"72.1","60.2","75.5",,"75","42","55",
"Grove, Michael","R",,"89.3","67.8",,,"78.2","30",,
"Ramirez, Nick","L",,"81.3",,"99.4",,,,"44.2",
"Crouse, Hans","R",,"96.2",,"97.1",,,"26.8",,
"Jansen, Kenley","R",,"97.8","80",,,,"45",,
"Valdez, Framber","L",,"79.5",,"79.4",,"78.6","27",,
"Hader, Josh","L",,"98.9",,"94.3",,,"15",,
"Rodríguez, Joely","L",,"89.9",,"97.1",,,,"57.6",
"Guenther, Sean","L",,"81.2",,,"98.6",,"59.6",,
"Houck, Tanner","R",,"77.5","14.4",,"83.6",,,"67.1",
"Bernardino, Brennan","L",,"78","26.1",,,"65.3","23.8",,
"Lawrence, Justin","R",,"79.4",,,,,,"51.3",
"Bird, Jake","R",,"85.7","52.6",,,"80.6","53.6",,
"Blach, Ty","L",,"99.2","19","99.6",,"53.4",,,
"Whitlock, Garrett","R",,"98.7","37.7","93.1",,,"41.4","62.8",
"Clase, Emmanuel","R",,"63.3","64.6",,,,"36.4",,
"Cobb, Alex","R",,"87.2",,,"75.6","70.5",,,
"Criswell, Cooper","R",,"82.5","45.7","86.1",,,"47.2","71.6",
"Ashcraft, Graham","R",,"55.4","56.7","72.3",,,"32.1",,
"Smyly, Drew","L",,"98.9","68.3",,,"38.3",,,
"de Geus, Brett","R",,"87.8","16.1",,,"72.5",,,
"Nance, Tommy","R",,"81.2",,,,"81.9","22.5",,
"Little, Brendon","L",,"77.9","41.3",,,"77.8",,,
"Pop, Zach","R",,"76.5","51.5",,,,"42",,
"Tate, Dillon","R",,"90.2",,"98.3",,,,"42.6",
"Pennington, Walter","L",,"74.3","55.8",,,,"10.5",,
"Robertson, David","R",,"86.5","74.7","86.9",,"64.3","52.6",,
"O'Brien, Riley","R",,"88.8",,,,"64.5","33.6",,
"Matz, Steven","L",,"99.4",,"82.6",,"82.8","32.6",,
"Walker, Ryan","R",,"72.9",,,,,"53.5",,
"Doval, Camilo","R",,"60","65.3",,,,"30.3",,
"Hjelle, Sean","R",,"76","57.1",,,"52.6",,,
"Rogers, Tyler","R",,"68.9",,,,,"57.6",,
"Rogers, Taylor","L",,"88.2",,,,,,"62.5",
"Santos, Gregory","R",,"61.2",,,,,"36.7",,
"Davis, Austin","L",,"77.8","37.8",,,,,"56.3",
"Fleming, Josh","L",,"90.7","51.7","81.6",,"30.5",,,
"Holderman, Colin","R",,"81.2","40.2",,,,,"37.5",
"Borucki, Ryan","L",,"93.6",,"92.7",,,"33","31.7",
"Sánchez, Cristopher","L",,"97.9",,"91.5",,,"35.4",,
"Alvarado, José","L",,"96.5","47.8",,,,,,
"Spence, Mitch","R",,"63.6","29.6","68",,"78.2","57.9",,
"Wood, Alex","L",,"99.6",,"98",,,"44.4",,
"McFarland, T.J.","L",,"86.6",,"91.5",,,,"68.3",
"Alexander, Scott","L",,"77.3",,"77.6",,,"44.7",,
"Cousins, Jake","R",,"89.9",,,,,"52.9",,
"Schmidt, Clarke","R",,"58.3","41.8",,,"79.4",,"49.1",
"Mayza, Tim","L",,"82.9","48.1",,,,"17.2",,
"González, Victor","L",,"99.1",,"98.8",,,"20.1",,
"Holmes, Clay","R",,"71.8",,,,,"33.2","63.5",
"Hartwig, Grant","R",,"97.9","64.8",,,,,"41.8",
"Young, Danny","L",,"86.8",,,,,,"62.9",
"Maton, Phil","R",,"69.1","55.3",,,"95.9","35.7","56.3",
"Lucchesi, Joey","L",,"79.9","84.5",,,"25.1",,,
"Young, Alex","L",,"81.3",,"76",,"30",,,
"Raley, Brooks","L",,,"34.6","87.7",,,,"59.3",
"Vespi, Nick","L",,,"41.9",,,"66","38",,
"Aguiar, Julian","R","99.6","99",,"99.1",,"71.3","45.2",,
"Sabrowski, Erik","L","99.6",,,,,"75.4","50.4",,
"Myers, Tobias","R","99.6",,"78.9","98.7",,"53.9","46.4",,
"Blalock, Bradley","R","99.5",,"51.3",,"98","65.2","29.3",,
"Barnes, Matt","R","99.5",,,,"94.3","71.9",,,
"Heaney, Andrew","L","99.5",,,"99.4",,"65.7","16.6",,"45.2"
"Harvey, Hunter","R","99.5",,,,"82.2","88.3","27.7",,
"Chivilli, Angel","R","99.5",,,"92.7",,,"20.1",,
"Plesac, Zach","R","99.5",,,"97.5",,"73.8","48.1",,
"Dana, Caden","R","99.4",,,"91.5",,"99.3","26.4",,
"Gomber, Austin","L","99.4",,,"97.8",,"79","33.3",,
"Petersen, Michael","R","99.4",,"21.3","97.7",,,,,
"Gonzales, Marco","L","99.3","99.4","54.1","97.6",,"51.4",,,
"Diekman, Jake","L","99.3","99.6",,"99.4",,,,"39.7",
"Mahle, Tyler","R","99.3",,,,"96.6",,"31.3",,
"Paddack, Chris","R","99.3",,,"95.3",,"87.9","33.9",,
"Vesia, Alex","L","99.3",,,"97.3",,,"39.5",,
"Ragans, Cole","L","99.3",,"54.2","98.9",,"83.2","16.6",,
"Harris, Hogan","L","99.3",,,"97.2",,"99.1","70.9",,
"Wacha, Michael","R","99.2","98.1","66.2","80.2",,"85.6","19.8",,
"Cecconi, Slade","R","99.2",,,"94.1",,"82.8","20.2",,
"Taylor, Troy","R","99.2",,,,,,,"64.4",
"Strider, Spencer","R","99.2",,,,,"58.1","36.5",,
"Gordon, Tanner","R","99.2",,,"97.1",,"29.2","21",,
"Richards, Trevor","R","99.1",,,"59.8",,,,,
"Molina, Anthony","R","99.1",,,"95.5",,"33","63",,
"Bradford, Cody","L","99.1",,,"99.7",,"70.6","29.8",,
"Pepiot, Ryan","R","99.1",,"66.8","82.2",,"83.5","52.2",,
"Lee, Dylan","L","99.1",,,"98.6",,,"32.5",,
"Quantrill, Cal","R","99.1","98.7","36.2","96.9","94.8","36.6","25.9",,
"Oller, Adam","R","99","99.6",,"89.1",,"77.1",,,"45.9"
"Detmers, Reid","L","99","98.7",,"92.7",,"85.6","24.4",,
"Estévez, Carlos","R","99",,,"91.2",,,"39.8",,
"Sulser, Cole","R","99",,"50.2","89.3",,,"36.4",,
"Gray, Josiah","R","98.9","97.9","53.4","79.2",,"36.3","47.6","26.8",
"Brebbia, John","R","98.9",,,,,,"44",,
"Imanaga, Shota","L","98.8","89.8","70.8","90.4","92.1","79.4",,"29.3",
"Harrison, Kyle","L","98.8",,,"98.3",,,,,"36"
"Rosenberg, Kenny","L","98.8",,"18.4","95.4",,"71.6",,,
"Klein, Will","R","98.8",,,,,"57.5","12.4",,
"Cantillo, Joey","L","98.8",,,"98.5",,"95.6","40.2",,
"Mercado, Michael","R","98.8",,"26.3","91.3",,"65.2",,,
"Stanek, Ryne","R","98.8","86",,,"91.5",,"23.3",,
"Herz, DJ","L","98.8",,,"91.6",,"21.9","15",,
"Finnegan, Kyle","R","98.7",,,,"94.8",,"20.6",,
"Marinaccio, Ron","R","98.7",,,"94.6",,,,"52.1",
"Montgomery, Mason","L","98.7",,,,,,"19.1",,
"Rodriguez, Grayson","R","98.7",,,"88.8",,"69.9","37.5",,
"Weems, Jordan","R","98.7",,,,"98.8",,"36.7",,
"Blanco, Ronel","R","98.6",,,"96.8",,"38.4","45.1",,
"Duran, Jhoan","R","98.6",,,,"86.1","61",,,
"Allen, Logan","L","98.6","97.1","52.8",,"98.4",,,"29.5",
"Swanson, Erik","R","98.6",,,,"89.4",,"31.7",,
"Palencia, Daniel","R","98.6","98.1",,,"84.1",,"24.4",,
"Hernández, Daysbel","R","98.5",,,,,,"20.2",,
"Miller, Bobby","R","98.5","97.2",,"97.5",,"77","41.9",,
"Halvorsen, Seth","R","98.5",,,,"92.9",,"24.5",,
"Walker, Taijuan","R","98.4","97.2","67.6",,"76.8","67.7",,"47.1",
"Baumann, Mike","R","98.4",,,"99.7",,"53.9","45.6",,
"Nicolas, Kyle","R","98.4",,,,,"61","33.3",,
"Lodolo, Nick","L","98.4","99",,"94.7",,"50.2",,,
"Vieira, Thyago","R","98.4","97.8",,,,,"38.6",,
"Morgan, Eli","R","98.3",,,"90.4",,,"23",,
"Lambert, Peter","R","98.3","89.9","52.2","98.8",,"94.2","37",,"65.4"
"Brzykcy, Zach","R","98.2",,,"99",,"55.6",,,
"Holman, Grant","R","98.2",,,"90.3",,,"15.5",,
"Pivetta, Nick","R","98.1",,"52",,,"76.3","38.6","43.1",
"Varland, Gus","R","98.1",,,"98.4",,,"20.8",,
"Estrada, Jeremiah","R","98.1",,,,"97.8",,"50.1",,
"López, Reynaldo","R","98.1",,,"97.1",,"65.5","34.7",,
"Moore, Matt","L","98.1",,,"97.6",,"67.6",,,
"Anderson, Tyler","L","98.1","93.3","56.6","96.8",,,"31.8",,
"Miller, Shelby","R","98",,,,"89.1",,"48.6",,
"Strahm, Matt","L","98","98.4","42.7",,,,"33.8",,
"Sammons, Bryan","L","98",,"47.3","77.1",,"72",,"43.7",
"Knack, Landon","R","98",,,"98.3",,"85.5","27.8",,
"Crawford, Kutter","R","98",,"48.6",,"69.1","92.2",,"35.9",
"Matthews, Zebby","R","98",,"60.6","98.8",,"54.6","25.2",,
"Kremer, Dean","R","97.9","92.5","43",,"97","74.4",,,
"Yates, Kirby","R","97.9",,,,"96.9",,,,
"Herget, Kevin","R","97.9",,"32.1","99",,,,,
"Black, Mason","R","97.9","93.4",,"96.6",,,"25.3","46.5",
"Skenes, Paul","R","97.8",,,"93.8","92.5","52.5","26.4","37.3",
"Nelson, Ryne","R","97.8",,"62.8","99.2",,"67.3","37.7","50.9",
"Iriarte, Jairo","R","97.8",,,"99",,,"61.6",,
"McKenzie, Triston","R","97.8",,,,,"67.6","62",,
"Ferrer, Jose A.","L","97.8","98.4",,"97.3",,,"15.3",,
"Reynolds, Sean","R","97.8",,,"99.1",,,"31.7",,
"Williamson, Brandon","L","97.8",,"54.5","99.3",,"74.2",,,
"La Sorsa, Joe","L","97.8","94.1",,"99",,,,"58.4",
"Mears, Nick","R","97.7",,,,,"82.1","22.8",,
"Irvin, Cole","L","97.7","96.4","28","99.2",,"59.8","61.6",,
"Beede, Tyler","R","97.7","96.5",,,"94.2","81.2",,,
"Fernandez, Ryan","R","97.7",,"57.8",,,,"22.6",,
"Manaea, Sean","L","97.7","96.6","52.6","93.1",,,"39.5","48.4",
"Maldonado, Anthony","R","97.7",,"71.4",,,,"22.1",,
"Erceg, Lucas","R","97.7","98.5",,"94.5",,,"29.8",,
"Booser, Cam","L","97.6",,"30.4",,,,,"43.1",
"Woods Richardson, Simeon","R","97.6",,,"86.7",,"84.9","54.5",,
"McGough, Scott","R","97.6","98.4",,,"93.7",,"33",,
"Luzardo, Jesús","L","97.5","98.7",,"99.4",,,"9.9",,
"Lively, Ben","R","97.5","95.1",,"98.9",,"71.4","43.9","54.1",
"Castro, Miguel","R","97.5","94.5",,"92.5",,,"60.3",,
"Ort, Kaleb","R","97.5",,"62","96.4",,,,"55.7",
"Bednar, David","R","97.4",,,,"71.7","72.8",,,
"Falter, Bailey","L","97.4","96.6",,,"90.8","46.6","63.8",,
"Howard, Spencer","R","97.4",,,"99.2",,"94.7","30.4",,
"Peralta, Wandy","L","97.4","96.3",,"86.8",,,"29.6",,
"Wingenter, Trey","R","97.4",,,,,,"15",,
"López, Jorge","R","97.4","96.9",,"98.2",,"69.8","34.4",,
"Yarbrough, Ryan","L","97.4","98.5","55.9","91.8",,,,"68.3",
"Kitchen, Austin","L","97.3","94.1",,"98",,"83.8",,"40.5",
"Carasiti, Matt","R","97.3","93.2","42.6",,"94.2",,,,
"Rainey, Tanner","R","97.2",,,"97.8",,,"24.7",,
"Davis, Noah","R","97.1","96.8","51.7","98.7",,"85.5",,"67.8",
"Kerkering, Orion","R","97.1","91.8",,,,,,"54.1",
"Pérez, Martín","L","97.1","97","68.9","99.3",,"33.3",,,
"Peralta, Luis","L","97.1",,,,,"57.7",,,
"Hoffman, Jeff","R","97.1","98",,,"92.1",,"27.3",,
"Englert, Mason","R","97.1","87.4","34.8","71.1",,"45","9.7",,
"Cabrera, Génesis","L","97","98.1","53","99",,"54.7",,,
"Williams, Gavin","R","97",,"48.4","93.6",,"92.9","39.4",,
"Díaz, Yilber","R","96.9",,,,,"86.6","23.1",,
"Gausman, Kevin","R","96.9","96.9",,,"90.9",,"18.3",,
"Wilson, Justin","L","96.9",,"64.2",,,,"23.9",,
"Birdsong, Hayden","R","96.9",,,"90.8",,"70.1","16",,
"Bigge, Hunter","R","96.8",,,,,"93.4","32.5","58.5",
"Gallegos, Giovanny","R","96.7",,,"98.8",,,"11",,
"Cortes, Nestor","L","96.7",,"47.8","95.1",,,"44","45.7",
"Ray, Robbie","L","96.7",,,,,"18.8","55.5",,
"Sale, Chris","L","96.7","95.9",,"99.4",,,"62.3",,
"Canning, Griffin","R","96.6","95.3",,"89.9",,"47.9","13.9",,
"Romano, Jordan","R","96.6",,,,,,"26.2",,
"Legumina, Casey","R","96.6",,,"89",,,"32.2",,
"Kelly, Joe","R","96.6","92.9",,"98.4",,"61.5","36.9",,
"Curry, Xzavion","R","96.6",,,,,"81.4","45",,
"Thompson, Zack","L","96.5",,,,"79.2","90.1","21.8",,
"Springs, Jeffrey","L","96.5",,"59.9","89.6",,,"32.7","40",
"Scott, Tayler","R","96.5","96.3",,,"79.6",,"48.2",,
"Rodón, Carlos","L","96.5",,"50.9","77.4",,"61.4","22.1",,
"García, Deivi","R","96.5",,,"93.5",,"76.8",,"56.1",
"Baz, Shane","R","96.5",,,"98.4",,"68.7","21.8",,
"Jay, Tyler","L","96.3","89.8","46.9",,,,,"54.3",
"Verlander, Justin","R","96.3",,,"94.8",,"69.6","36.5",,
"Parker, Mitchell","L","96.3",,,,"80.3","58.8","25.5",,
"Mize, Casey","R","96.3","95.1","27.1",,"87.9","89","27.3",,"37.7"
"Hanifee, Brenan","R","96.3","95.6",,"98.6",,,"18.2",,
"Hancock, Emerson","R","96.2","95.7","36.6","98.9",,,"28.8",,
"Leiter Jr., Mark","R","96.2","91.2","50.7",,"89.4","95.9",,"53.2",
"Beck, Tristan","R","96.2",,,,,"83.3","36","62.8",
"Alcala, Jorge","R","96.1","95.6",,"95.3",,,"26.8",,
"Gillispie, Connor","R","96.1",,"53.1","89.5",,,,"37.4",
"Brooks, Aaron","R","96.1","94.5",,"71",,,"15.6",,
"Williams, Devin","R","96.1",,,"90.1",,,,,
"Miller, Ryan","R","96.1",,,,,,"23.3","50.8",
"Sears, JP","L","96","96.2",,"98.2",,"42.2","33.6","39.9",
"Daniel, Davis","R","96",,,"97.5",,"91","38",,
"Latz, Jacob","L","96",,,"97.7",,"84.3","37.5",,
"Weathers, Ryan","L","95.9","96.2",,"81.6",,,,"33.5",
"Gilbert, Logan","R","95.9","98.8","67.6",,"58.1","69.5","15.6",,
"Díaz, Edwin","R","95.9",,,,,,"27.9",,
"Reid-Foley, Sean","R","95.8",,,"82.1",,,"31.3",,
"Guerrero, Luis","R","95.8",,,"92.9",,,,"37.4",
"Suarez, Robert","R","95.8","96",,"97.7",,,,,
"Slaten, Justin","R","95.8",,"51.6",,,"77.6",,"48",
"Joyce, Ben","R","95.8","86.2",,"80",,,"55.2",,
"Ryan, Joe","R","95.8","93.5",,,"78",,"25.6","57.3",
"Brown, Ben","R","95.7",,,"95.7",,"30.1",,,
"Abbott, Andrew","L","95.7",,,"98.1",,"47",,"38.5",
"Graceffo, Gordon","R","95.6",,,"95.5",,"80.6","21.7",,
"Martin, Chris","R","95.6","85.5","60.1",,"80.7",,,,
"Vines, Darius","R","95.6",,"31.9","98.9",,"47.5","11.4",,
"Eovaldi, Nathan","R","95.5",,"62.6",,"87","78.8","39.8",,
"Ureña, José","R","95.5","94.3",,"94.8",,,"45.1",,
"Pearson, Nate","R","95.5","93.1",,,,"87.1","37.3",,
"Milner, Hoby","L","95.5","92.1",,"97.3",,,,"60.8",
"Paxton, James","L","95.5","96.1","13.8","88.2",,"57.9",,,
"Johnson, Pierce","R","95.5",,"48.8",,,"47.8",,,
"Devenski, Chris","R","95.5",,"41.4","90.8",,,,"55.9",
"Bieber, Shane","R","95.4",,"38.8","97.4",,"79.2","10.8",,
"Alzolay, Adbert","R","95.4","94.3","56",,,,"41.7",,
"Heller, Ben","R","95.3","95.9","17.8","70.9",,,"15.7","79.1",
"Chafin, Andrew","L","95.3","94.3",,,,,"29.8",,
"Santana, Dennis","R","95.3","90.9","47.7","93.4",,,"19.9",,
"Liberatore, Matthew","L","95.3","91.1","46.6","98.9",,"92","20.8",,
"Smith, Cade","R","95.3",,,,"83.3",,,"55.4",
"Gray, Jon","R","95.3",,,"98.8",,"61.4","38.7",,
"Poche, Colin","L","95.2",,,,,,"46",,
"Skubal, Tarik","L","95.2","91.5",,"82.3",,"63.4","36.8",,
"Kopech, Michael","R","95.2",,"30.6",,,,"36.2",,
"Heasley, Jonathan","R","95.2",,,,,"77.1","30","51.6",
"Littell, Zack","R","95.2","93.2",,,"73.4",,"43.8","48.7",
"Stone, Gavin","R","95.1","96.3","69.3","98.5",,"44.2","13.4","29.7",
"Kelly, Zack","R","95.1",,"47.8","93.7",,,,"57.2",
"Hill, Tim","L","95.1","88.8",,,,,"42.4",,
"Shuster, Jared","L","95.1","94.7",,"99",,,"27.9",,
"Arrighetti, Spencer","R","95.1","99.1","45.2","96.1",,"72.6",,"56.7",
"Anderson, Nick","R","95.1","94.5",,"98.6",,"22.2",,,
"Jackson, Jay","R","95","87.3",,"81.1",,,"23.6",,
"Wentz, Joey","L","94.9",,"24.1","98.1",,"59.1",,,
"Waguespack, Jacob","R","94.9",,"42.7","81.7",,"78.1",,,
"Garrett, Amir","L","94.8",,,,,,"24.7",,
"Bradley, Taj","R","94.8",,"50.8",,"80.9","88.1",,,
"Greene, Hunter","R","94.8",,,,"79.8","60.6","42.7",,
"Brito, Jhony","R","94.8","94.9",,"98",,,"26.3","49.6",
"Leibrandt, Brandon","L","94.8","93.6",,"98",,,"41.3",,
"Akin, Keegan","L","94.8",,,"98.1",,,"25.1",,
"Anderson, Justin","R","94.8","92.7","53.3",,,,"42.9",,
"Varland, Louis","R","94.7","93",,"86.2",,"55.5","37.3",,
"Nelson, Kyle","L","94.7",,"57.2",,,,"30.5",,
"Kuhl, Chad","R","94.7","93.4","58.3","90.4",,,"28.9","64.3",
"Rodríguez, Yerry","R","94.7",,,"98.7",,,"36.2",,
"Lorenzen, Michael","R","94.7","90.6","46.5","97.3",,"69.1","24.4","40.8",
"Berroa, Prelander","R","94.6",,,,,,"16.7",,
"Beeks, Jalen","L","94.5",,"18.7","92.8",,"84.6",,,
"Means, John","L","94.5",,,"97.6",,"70.2","48.9",,
"Scott, Christian","R","94.5",,,,"91.1",,"29.8","41.5",
"Burke, Brock","L","94.5","89.2",,"79.2",,,"34.9",,
"Sborz, Josh","R","94.4",,,,,"79.2","17.5",,
"Banda, Anthony","L","94.4","94",,"99.2",,,"26.2",,
"Robertson, Nick","R","94.4",,,"95.4",,,"34.4","42.8",
"Marte, Yunior","R","94.4","92.8",,,"90.9",,"21",,
"Matsui, Yuki","L","94.4",,,,"60.1",,"27.7","44.9",
"Jackson, Luke","R","94.4",,,,,"70.4","41.2",,
"Leiter, Jack","R","94.3",,"69.1","88.3",,"65.1","25.9",,
"Hernández, Carlos","R","94.3",,,,"92.3","47","32.3",,
"Jefferies, Daulton","R","94.3","95.7","69.5","97.4",,,"22.6",,
"Hill, Jaden","R","94.3","95.7",,"99.5",,,,"26.7",
"Kahnle, Tommy","R","94.1","95.8",,"98.6",,,"45.3",,
"Gaddis, Hunter","R","94.1",,,"99",,,"46.1",,
"Bermúdez, Jonathan","L","94.1",,,"85.5",,,"37.4","59.8",
"Javier, Cristian","R","94.1",,,"72.8",,"75.7","51.1",,
"Lynch IV, Daniel","L","94","88.1",,"95.2",,"31.5","19.1",,
"Miller, Erik","L","93.9",,,"98.8",,,"36.6",,
"Sauer, Matt","R","93.9","96.4",,,"72.6","67.6",,"43.4",
"Sandoval, Patrick","L","93.9","93.2",,"98.1",,"74.7","40.5","55.2",
"Lopez, Jacob","L","93.9",,"54.8","96.5",,,"48.1",,
"Kirby, George","R","93.9","91.2",,,"86.7","81.7","41.1",,
"Gillaspie, Logan","R","93.9",,"64.8","98.4",,"70.8",,"48.2",
"Hoeing, Bryan","R","93.8","94.1",,,"72.2",,"35",,
"Law, Derek","R","93.8","88.3","60.6","98.6",,"58.4","22.2",,
"Scherzer, Max","R","93.8",,"30.2","99",,"72.5","22.6",,
"Merryweather, Julian","R","93.8",,,"99.4",,,"16.5",,
"Nola, Aaron","R","93.8","91.7","54.3","99.2",,"79.8",,,
"Eisert, Brandon","L","93.7",,,"86.1",,,"33",,
"Vest, Will","R","93.7","88.7",,"94.3",,,"35",,
"Snell, Blake","L","93.7",,,"98.2",,"67.3","48.7",,
"Nardi, Andrew","L","93.7",,,,,,"29.2",,
"Jiménez, Joe","R","93.7",,,"90.3",,,"32.2",,
"Leasure, Jordan","R","93.7",,,,,"80.5","36.5",,
"Ruiz, José","R","93.7","92.9",,"93.1",,"46.8","72.8",,
"Manning, Matt","R","93.7",,,,"79.4","83.3","38","36.6",
"Honeywell, Brent","R","93.6",,,,,,"44.5","53.1",
"Green, Chad","R","93.6",,,,,,"20.7",,
"Winn, Cole","R","93.6","89.7",,,"87.9",,"23.9",,
"Houser, Adrian","R","93.5","90.6",,"89.3",,"96.4","33.5",,
"Roupp, Landen","R","93.5","89.8",,"88.4",,"86.5","44.6",,
"Weaver, Luke","R","93.5",,"60.3","83.1",,"49.5",,,
"Foley, Jason","R","93.5","92.4",,"98.9",,,"20.4",,
"Snead, Kirby","L","93.4","93.2",,"93.6",,,"38.9",,
"Hicks, Jordan","R","93.4","85.6",,,"81.5",,,"47.8",
"Peralta, Sammy","L","93.4",,,"99.4",,,"32.6","39.8",
"Cabrera, Edward","R","93.3","90.4",,"93.9",,"55.1","29.1",,
"Jarvis, Bryce","R","93.3","93.8","22.3","95.6",,,"29.6",,
"Criswell, Jeff","R","93.3",,,"99.6",,,"22.4",,
"Baker, Bryan","R","93.2",,,"91.1",,"52.2","46.7",,
"Aldegheri, Sam","L","93.1",,,"92.9",,"82.9","30.6",,
"Phillips, Evan","R","93.1","86.8","51.1",,,,,"54.6",
"Megill, Trevor","R","93.1",,,,,"41.7",,,
"Selby, Colin","R","93.1","90.2",,,,"85.5","29.2",,
"Pagán, Emilio","R","93",,"35.2",,"91.4",,,,
"Winder, Josh","R","93",,,"93.9",,,"13.4","59.1",
"Jiménez, Dany","R","93",,,"88.1",,,"15.5",,
"Wrobleski, Justin","L","92.9","92.6",,"97",,"65.6","28.1","43.2",
"Hamilton, Ian","R","92.9","87",,,,,"28.4",,
"Gore, MacKenzie","L","92.9",,"58.2","91.9",,"62.8","16","27.6",
"Ryan, Ryder","R","92.9","91.4",,,,,"21.3",,
"Graterol, Brusdar","R","92.8","90.2","76.2",,,,"26.4",,
"Muñoz, Andrés","R","92.7","91.5",,,,,"35",,
"Pinto, Ricardo","R","92.7","90.7",,,"93.2",,"16.7","39.8",
"Henriquez, Ronny","R","92.7",,,"98.1",,,"30.7",,
"Lucas, Easton","L","92.7",,"52.9","94.6",,,,"32.4",
"De Los Santos, Enyel","R","92.7",,,"98.1",,,"28.7",,
"Berríos, José","R","92.7","98.5","65.2","97.6",,,,,"55.7"
"Chargois, JT","R","92.6","97.1",,,,,"13.3",,
"Cueto, Johnny","R","92.6","94.5","65.8","77",,,"49",,
"Hentges, Sam","L","92.5","91.4",,,,"84","21.3",,
"Santillan, Tony","R","92.5",,,,,,"36",,
"Herget, Jimmy","R","92.5","91.1",,"86.4",,"52.1","21.2",,
"McMillon, John","R","92.3",,,,,,"17.4",,
"Hughes, Brandon","L","92.3","87.8",,,,,"28.2",,
"Jones, Jared","R","92.3",,,"85.9",,"65.4","26",,
"Walston, Blake","L","92.3","98.6","53.1","98",,"69.1",,"19.7",
"Vodnik, Victor","R","92.3",,,"85.4",,,"37.6",,
"Yamamoto, Yoshinobu","R","92.3","89.3","50.8",,"73.3","94","40.2",,
"Alexander, Tyler","L","92.3","91.9","42.4","91.2",,,,"51.4",
"Anderson, Chase","R","92.2","90.3","46.4","99.4",,"96.9",,"55.4",
"Zeferjahn, Ryan","R","92.2",,"33.7",,,,,"61.6",
"Fairbanks, Pete","R","92.2",,,"74.4",,,"46.2",,
"Adon, Joan","R","92.2","87.8",,"79.9",,"51.1","41.8",,
"Madden, Ty","R","92.2","90.6","40.7",,"83","82.3","19.2",,
"Ober, Bailey","R","92.2",,,"98.8",,"77.4","51.3","44.6",
"Castillo, Luis","R","92.2","93.9",,"94",,,"15",,
"Allard, Kolby","L","92.2","95.4","44.9","99.6",,"94.9",,,
"Mazur, Adam","R","92.1","90.9",,"92.8",,"67.4","23.7",,
"Brasier, Ryan","R","92.1","93.3","59.1",,,,"31.3",,
"Cruz, Fernando","R","92.1",,"42.3",,"63.4",,,,
"O'Loughlin, Jack","L","92.1",,,"99.3",,"82.6","22.3",,
"Winn, Keaton","R","92.1","83.3",,,"86.7",,"11.9",,
"Salazar, Eduardo","R","92","87.9",,,,,"20.6",,
"Povich, Cade","L","92","91.5","48.7","94.2",,"88.8",,"31.3",
"Veneziano, Anthony","L","92",,,"98.9",,,"28.8","47.7",
"Burke, Sean","R","92",,,"99.6",,"78.7","30.9",,
"Allen, Logan","L","92","92.5","43.7","72.7",,,,"54.4",
"Dobnak, Randy","R","91.9","78.7",,"83.3",,,"36.9",,
"Taillon, Jameson","R","91.8","91.9","51","96.8",,"74.2",,"51.9",
"Mantiply, Joe","L","91.8","92.2",,"98.4",,"49.3",,,
"deGrom, Jacob","R","91.7",,,"94.2",,,"30",,
"Mederos, Victor","R","91.7","91.9",,"96.4",,"75.9","32.3",,
"Flexen, Chris","R","91.7",,"56.2","98.5",,"87.8","49.3",,
"Estes, Joey","R","91.6","92.4","38.6","99.1",,,"35.5","52.9",
"Speier, Gabe","L","91.6","92",,,,,"33",,
"Brown, Hunter","R","91.5","91.2","59.6","95.5",,"80.2","42.1",,
"Kimbrel, Craig","R","91.5",,,,,"70",,"64",
"Dubin, Shawn","R","91.5",,"35.4","87.6",,"91.5",,"61.1",
"Civale, Aaron","R","91.4","89.1","48.1",,"93.7","86.6","41.4","62.3",
"Frías, Luis","R","91.4","91.1","36.8",,,,"59",,
"Jacob, Alek","R","91.4","91.9",,"95.9",,,,"73.1",
"Otañez, Michel","R","91.4","92.9",,,,,"23.8",,
"Cole, Gerrit","R","91.4","91.4","47","97.7",,"79","28.6",,
"Miller, Mason","R","91.2",,,"88.6",,,"48.3",,
"Clevinger, Mike","R","91.2","89.4","24.6","96.9",,"69",,"59.8",
"Wells, Tyler","R","91.1",,"57.9","95.6",,"66.1","35",,
"Tonkin, Michael","R","91.1","86.9",,,,,"25.2","47.8",
"Sands, Cole","R","91.1","87.6","42.2",,"85.1","62",,,
"Neris, Héctor","R","91.1","91.1",,,"68.6",,"40.5",,
"Faedo, Alex","R","91.1","88.2",,"86.7",,,"24.5",,
"Ferguson, Caleb","L","91","87","32.3",,,,,,"61.9"
"Lange, Alex","R","91","85.9",,"89.4",,"15.2",,,
"Suárez, Albert","R","91",,"44.8","97.4",,"54.1",,,
"Martinez, Justin","R","91","89.5",,,"93.1",,"27.8",,
"Nastrini, Nick","R","91",,,"95.4",,"61.3","19.2",,
"Suarez, José","L","90.9","91.3","49.8","86.4",,,"30.8","43.1",
"Thorpe, Drew","R","90.9",,"39.7","97.8",,,"35","49",
"Garrett, Reed","R","90.9","87.3","37.8",,"79.6",,,"46.1",
"Woo, Bryan","R","90.9","85.9",,"86",,,"26.5","55.9",
"Montero, Rafael","R","90.8","87",,"93.8",,,"28.9",,
"Chapman, Aroldis","L","90.8","89",,,"43.5",,"38.1",,
"Espino, Paolo","R","90.8",,,"95.2",,"99.6",,"73.3",
"Assad, Javier","R","90.8","88.9","57.5","96.3",,"76.7","47.5","57",
"Morton, Charlie","R","90.8","92.4","28.5","99.3",,"71.3",,,
"Farmer, Buck","R","90.7","88",,"79.6",,,"26.9",,
"Puk, A.J.","L","90.7","88.7",,"97.4","59.3",,"21","49.1",
"Rogers, Josh","L","90.6",,,,,,"40.4","43.4",
"Lowder, Rhett","R","90.5","85.4",,"87.5",,,"28",,
"Megill, Tylor","R","90.5","90.5","46.9","84.2","44.1","80.4","31.9","63.3",
"Cisnero, José","R","90.5","92.6",,"80.3",,,"28.5",,
"Henry, Tommy","L","90.5","92.9",,"95",,"80.4","20.3",,
"Marte, José","R","90.4","82.9",,"94.9",,,"37.2",,
"Bido, Osvaldo","R","90.4","89.8","22.5","94.1",,,"28.4",,
"Severino, Luis","R","90.4","89.8","55","97.9",,,"50.2","62.8",
"Martinez, Nick","R","90.4","88.9","59.7","82",,"71.7","13.1",,
"Rogers, Trevor","L","90.3","90",,"86",,,"26.3",,
"Staumont, Josh","R","90.3","88.9",,,,,"26.8",,
"Thielbar, Caleb","L","90.3",,,,,"89.7",,"39.3",
"Hernández, Elieser","R","90.3","88.8","49.5","92.9",,,,,
"Waldron, Matt","R","90.3","86","56.5",,,,,"44.3",
"Kerr, Ray","L","90.2",,"59",,"97.4","34.7",,,
"Buehler, Walker","R","90.2","86.9","54.5","93.6",,"92.3","41.9","57.9",
"Long, Sam","L","90.2",,,,"88.5","76","13.3",,
"Miller, Bryce","R","90.2","87.2","60.8",,"67.1","57.4","22.4","60.3",
"Kikuchi, Yusei","L","90.2",,,"88.9",,"42.6","27.3",,
"Feyereisen, J.P.","R","90.2",,,"86.2",,,"31.3",,
"Smith, Will","L","90.1",,,"92.1",,"61.2","27.5",,
"Muñoz, Roddery","R","90.1","85.9","46.3","95.4",,,"29.8",,
"Gasser, Robert","L","90.1","83.3","43.8","94.6",,,,"54.4",
"Almonte, Yency","R","90","91.4","69",,,,,"52.6",
"Boyd, Matthew","L","89.9","87.3",,"83",,"78.1","53.2",,
"Stripling, Ross","R","89.9","85.8","56.7","87.2",,"77.6","25.2",,
"Ginkel, Kevin","R","89.9","92.4",,,,,"21.4",,
"Contreras, Roansy","R","89.8","89",,"97.7",,"76.9","31.8","34.8",
"Cano, Yennier","R","89.8","88.5",,"98.8",,,"27.2",,
"Wilson, Bryse","R","89.8","86.4","52.5","96.4",,"61.7",,,
"Warren, Austin","R","89.8","92.9","32.2",,,,"53.3",,
"Rocker, Kumar","R","89.8","90.5",,,,,"34.4",,
"Mlodzinski, Carmen","R","89.7",,"49.6",,,,"18.7","30.6",
"Brazobán, Huascar","R","89.7","87.1","35.4","79.3",,,,,
"Helsley, Ryan","R","89.7",,,,,"62.4","23.1",,
"Wilson, Steven","R","89.7",,,"97.5",,,,"43.3",
"Bazardo, Eduard","R","89.7","88.2",,,"76.8",,"54",,
"Smith, Burch","R","89.6",,"34.7",,,"84.2",,"43",
"Montero, Keider","R","89.6","82.7",,"89.5",,"77.2","47.4",,
"Leahy, Kyle","R","89.6",,,"79",,"82.5","39","51.3",
"Zerpa, Angel","L","89.6","84.4",,"98.9",,,"39.5",,
"Shugart, Chase","R","89.6","87.7","47.4","84.8",,,,"69.3",
"Blewett, Scott","R","89.5",,,,"65.5",,"18.4",,
"Soriano, José","R","89.5","91.2",,,"86.6","65.4","18",,
"Winans, Allan","R","89.5","85.4",,"69.5",,,"52",,
"Okert, Steven","L","89.5","84.2",,"93.2",,,"46.4",,
"Rodríguez, Randy","R","89.5","84.4",,"85.1",,,"47.6",,
"Rasmussen, Drew","R","89.5","90.6","25.3",,,,,"50.5",
"Olson, Reese","R","89.4","91.3",,"74",,"85.6","31.6",,
"Cannon, Jonathan","R","89.4","89.1","59.2","76.5",,,,"42",
"Kilian, Caleb","R","89.3",,"31.4",,,,,"48.2",
"Morejon, Adrian","L","89.3","84.8",,,"81.9",,"46.7","69.5",
"Quijada, José","L","89.3",,,"98.5",,,,,
"Junk, Janson","R","89.2","90.9",,,,"73.2","47.5","50.9",
"Darvish, Yu","R","89.2","88.4","61.8",,"59.7","80.6","28.3","47.9",
"Blackburn, Paul","R","89.2","84.6","50.6","74.8",,"87.1","60",,
"Gilbert, Tyler","L","89.1","91.6","54.4",,,,,"30.9",
"Fulmer, Carson","R","89.1","79.5",,"92.2",,"53.6","30.4","47",
"Bellozo, Valente","R","89",,"46.3","89.3",,"71.8",,"54.9",
"Garcia, Robert","L","89",,,"89.9",,,"26.9",,
"Peralta, Freddy","R","89",,,"90.3",,"50.2","36.9",,
"Bachar, Lake","R","89",,,,"95.9",,,"58.6",
"Rutledge, Jackson","R","89","96.9","41",,"66.4",,"23.9",,
"Festa, David","R","89",,,"87.1",,,"28",,
"Hernández, Jonathan","R","88.9","91.5",,"93.4",,,"31.4",,
"Uceta, Edwin","R","88.8",,"51.3","78.7",,,,"52",
"Soto, Gregory","L","88.8","90.7",,,,,"17.5","34.5",
"Bivens, Spencer","R","88.7","83.5","56.4","73.2",,,,"51.2",
"Cleavinger, Garrett","L","88.7","84.1","37.4",,,,"33.9","69.3",
"Francis, Bowden","R","88.7","88.7",,,"85.3","89.1","37.5",,
"Gómez, Yoendrys","R","88.6",,,"95.6",,"65","45.5","43.5",
"Díaz, Jhonathan","L","88.4","77.3",,"80.3",,"83.1","52.9",,
"McArthur, James","R","88.3","88.8",,,,"80.1","13.8",,
"Matzek, Tyler","L","88.3",,,,,,"42.1",,
"Bush, Ky","L","88.2",,,"87.7",,"74.9","28.3",,
"Tinoco, Jesus","R","88.2","88.1",,"98.3",,,"28.3",,
"Walker, Josh","L","88.2","84",,,,"26",,,
"Webb, Jacob","R","88.1",,,"99.6",,,,"45.5",
"Faucher, Calvin","R","88.1",,"22.3",,,"68",,"39",
"Ortiz, Luis L.","R","88.1","78.2","45.3","97.2",,,"25.7",,
"Burr, Ryan","R","88",,,,,,"29.9",,
"Hendricks, Kyle","R","87.9","80.8",,"75",,"79.4",,,
"Freeland, Kyle","L","87.8","83.8","34.8","95.8",,"43.8",,,
"Iglesias, Raisel","R","87.7","89.6",,"87",,,"34",,
"Chirinos, Yonny","R","87.6","85.7",,,"57.9",,"26",,
"Brieske, Beau","R","87.6","86.7",,"87.2",,,"20",,
"Adam, Jason","R","87.5",,"15.9","78.5",,,"30.8","58.9",
"Romero, JoJo","L","87.4","86.3",,"98.6",,,"36.8",,
"Cease, Dylan","R","87.3",,"41.2","87.9",,"77.8","24.9","66.5",
"Smith, Drew","R","87.3",,"40.3","97.7",,"71.1","41.2",,
"Newcomb, Sean","L","87.3","82.3",,,,"89.2",,,"64.6"
"Walters, Andrew","R","87.2",,,,,,"29.3",,
"Rodriguez, Carlos","R","87.2","93.1","59.6","98.8",,"69.3","40.1",,
"Voth, Austin","R","87.1",,"46",,,"86.7",,"56.9",
"Campbell, Isaiah","R","87.1",,,,,,"27","52.3",
"Crochet, Garrett","L","87.1","85.4","39.1","99.4",,,,"49.6",
"Wicks, Jordan","L","87.1","94.7",,"94.8",,"66.4","25.1","41.6",
"Maeda, Kenta","R","86.9","79.1","21.7",,"79.5","77","19.2","32.7",
"Vásquez, Randy","R","86.8","85.9","49.3","94.4",,"54.9",,"54.2",
"Kinley, Tyler","R","86.7",,,"97.5",,,"31.7",,
"Irvin, Jake","R","86.7","84.1","49.3","85.2",,"63.3",,,
"Sims, Lucas","R","86.6",,"57.2",,,"77.8","37.4","52.4",
"Leone, Dominic","R","86.5","84.6","42.8","79.8",,,"40.7","35.8",
"Ross, Joe","R","86.4","80",,"93.4",,"54","27.4",,
"Sandlin, Nick","R","86.4","85.3",,,"88.3",,"51",,
"Miley, Wade","L","86.3","85.8","55.9","91.8",,,,,
"Avila, Nick","R","86.2","86.4","26.7",,,"65.9",,,
"Kochanowicz, Jack","R","86.1","81.8",,"64.4",,,"30.2","42.4",
"Quintana, Jose","L","86.1","85.5",,"92.6",,"61.7",,,"59.9"
"Casparius, Ben","R","86.1",,,,,"76.2","54.7",,
"Horn, Bailey","L","86",,"29.2",,,"80.1",,"49.2",
"Gibson, Kyle","R","86","81.6","56.7","79.4",,"66.7",,"49.6",
"Mikolas, Miles","R","85.9","81.7",,"90.9",,"77.7","25.6","39.2",
"Parsons, Wes","R","85.9","86.2",,,,"74.4","16.4",,
"Spiers, Carson","R","85.9","85.3","44.3","98.8",,,"41.2","60.4",
"McGreevy, Michael","R","85.9","80.5","44.5","90.2",,"78.9",,"38.1",
"Corbin, Patrick","L","85.8","82.3","30.1","98.7",,"23.8","19.7",,
"Gallen, Zac","R","85.8",,"50.9","89.5",,"69.9","32.9",,
"McCaughan, Darren","R","85.7","84.4",,"99.3",,,,"36.2",
"Basso, Brady","L","85.6",,"56.2","99.5",,"72.5",,,
"Zulueta, Yosver","R","85.5","81.9",,,,,"20.7","28.1",
"Minter, A.J.","L","85.5",,"32.2","93.4",,,,,
"Ellard, Fraser","L","85.5","65.3","41.3","63.5",,,"34.1",,
"Bloss, Jake","R","85.3",,,"86.6",,"84.5","45.9","37.4",
"Castillo, Diego","R","85.1","78.6",,,,,"17.4",,
"Martinez, Seth","R","85","83.5",,"81.4",,,,"50",
"Bubic, Kris","L","85","86.7",,"86.2",,,,"44.5",
"Kershaw, Clayton","L","84.9",,,,"89.8","85.2","43.3",,
"Ramirez, Emmanuel","R","84.9",,,,"67.2",,"83",,
"Ryan, River","R","84.8","88.3",,"91",,"87.9","27.1",,
"Abreu, Bryan","R","84.8",,,,,,"56.4",,
"Kuhnel, Joel","R","84.7","89.8",,"88.8",,,"30.2",,
"Elder, Bryce","R","84.7","81.5",,"73.3",,,"9.9",,
"Armstrong, Shawn","R","84.6","89.1","53.8",,,,,"42.5","55.9"
"Ramírez, Yohan","R","84.6","83.4",,,,"86.2",,"60.7",
"Keller, Mitch","R","84.6","76.2","44.3","77.5",,"92.7","30.1","65.8",
"Martin, Davis","R","84.5",,"39.7","69.8",,"81.2","37.2",,
"Marsh, Alec","R","84.5","85.3",,"88.8",,"64.9","18.5","33.8",
"Holton, Tyler","L","84.4","83.1","42.1","95.5",,"83.7",,"51.5",
"Stratton, Chris","R","84.4","80.3",,"79.5",,"79","26.4",,
"Sánchez, Sixto","R","84.4","82.3","30.2","86.8",,,,,
"Bickford, Phil","R","84.3",,,,,,"45.8",,
"Holmes, Grant","R","84.2",,"64","92.5",,"45.8","21.5",,
"Gil, Luis","R","84.2",,,"88.4",,,"33.1",,
"Lugo, Seth","R","84.1","81.5","65.5","85.6","81.4","83.8","32","49.4","77.3"
"Hudson, Daniel","R","84.1","85.6",,"98.7",,,"26.5",,
"Burdi, Nick","R","84",,,,,,"32.4",,
"Pérez, Cionel","L","84","81.2",,,,,"56",,
"Zuñiga, Guillo","R","84","87",,"88.2",,,"32.3",,
"Hall, DL","L","83.9",,,"98.6",,"72.1","43.3",,
"Soroka, Michael","R","83.9","82.9",,"94.9",,,"44.8",,
"Bibee, Tanner","R","83.8",,"32.3","90.8",,"65.3","54.4",,
"Waldrep, Hurston","R","83.8",,,,"97.5",,"23.6",,
"Eflin, Zach","R","83.6","76.6","47.2","93",,"62",,"51.6",
"Saucedo, Tayler","L","83.6","90.3",,"95.3",,"76.8","27.8","45.2",
"Floro, Dylan","R","83.6","85.2",,"95.4",,,"21.6",,
"Ferguson, Tyler","R","83.5","80.1","34","91.3",,,,"34.4",
"France, J.P.","R","83.4",,"32.1","97.2",,"99.1",,"55.1",
"Fitts, Richard","R","83.4",,,,"84.6",,"31.5","39.7",
"Wheeler, Zack","R","83.2","84.2","43",,"79.1","58.2",,"31.3",
"Bassitt, Chris","R","82.9","85.7","52.8","97.5","96.1","95.2","40.9","80.2",
"Flaherty, Jack","R","82.9","74.4",,"81.8",,"79.3","43.9",,
"Rea, Colin","R","82.9","79.3","53",,"95.9","79.7",,"63.5",
"Banks, Tanner","L","82.8","78.5",,"79.3",,"40.9","37.2",,
"Wesneski, Hayden","R","82.8","82.9","36.8","91.3",,,,"61",
"Barnes, Jacob","R","82.7",,"48.3",,,,"37.5",,
"Feltner, Ryan","R","82.6","76.1",,"66.9",,"71.8","43","40.1",
"Jax, Griffin","R","82.4","79.8",,"75.1",,"62.8",,"41.3",
"Winckowski, Josh","R","82.4","86.8","34.6","91.2",,,"36.3",,
"García, Yimi","R","82.4","84",,"93.6",,"51.6","34.9","40.8",
"Ramírez, Erasmo","R","82.3","86.5","69.7","90.8",,"26.2",,,
"Senzatela, Antonio","R","82.3",,,"66",,"52.5","37.6",,
"Medina, Luis","R","82.2","83.2",,"94.9",,"81.9","23.9",,
"Meyer, Max","R","82.1","83.7",,"91.2",,,"15.6",,
"Garrett, Braxton","L","81.9","79.7","15.7","85.9",,"75.9","41.1",,
"Dunning, Dane","R","81.8","85.3","68.7","97.9",,"99.4","32.5",,
"Kolek, Stephen","R","81.8","71.5","39.1","85.2",,,"21.8","64.6",
"Manoah, Alek","R","81.7","79.8",,"74",,,"50.8",,
"García, Luis","R","81.6","85.4","23.7",,"78.5",,"48.2","56.8",
"Bello, Brayan","R","81.5","88.1",,"98.1",,,"36.5",,
"King, Michael","R","81.5","74.2",,"95",,,"27.6","52.1",
"Bummer, Aaron","L","81.5","82.6","20.4","92.2",,"74.6",,"68.7",
"Peterson, David","L","81.4","78.1",,"92.3",,"70.4","19.8",,
"Schreiber, John","R","81.1","81.6","35.3","82.9",,,,"60.3",
"Soriano, George","R","81",,,"90",,,"29",,
"Ottavino, Adam","R","81","77.6","37.2","74.6",,,"53.8","69.3",
"Montas, Frankie","R","80.8","75.9","46.8",,"80.4",,"36.1",,
"Kelly, Merrill","R","80.7","78.6","61.5","77.6",,"66.2","21.7",,
"Germán, Domingo","R","80.7","82.7",,"78.4",,"14.4",,,
"Montgomery, Jordan","L","80.6","85.3",,"97.9",,"60.3","24.8",,
"Strickland, Hunter","R","80.5","84.7","44.6","92.5",,,"38.7","62.6",
"Rodríguez, Manuel","R","80.5","86.3",,,,,"30.9",,
"Hernandez, Nick","R","80.3",,,,,,"26",,
"Singer, Brady","R","80.1","81.7",,"86.9",,,"31.9","39.5",
"Boyle, Joe","R","80.1",,,,,"85.8","34.2","59.4",
"Schwellenbach, Spencer","R","80","82.5","52.8",,"84.3","65.8","31.6",,
"Buttó, José","R","80","86",,"68.6",,,"19.1","54.8",
"Hartlieb, Geoff","R","79.8","81.5","45.2",,,,"10.9",,
"Payamps, Joel","R","79.8","79.3",,"78.9",,,"43.8",,
"Sewald, Paul","R","79.7",,,,,,,"36.2",
"Warren, Will","R","79.4","74.7","26.6","95.2",,,,"50.2",
"Garabito, Gerson","R","79.3","74.9",,"87.1",,"52.5","27.7",,
"Priester, Quinn","R","79.2","78.8",,"94.1",,"58.5","28.5",,
"Hudson, Dakota","R","79.1","84.4",,"88.6",,"57.6","12.6",,
"White, Mitch","R","79.1","68",,,,"78.1","19.5","45.8",
"Rodriguez, Eduardo","L","79.1","76.8","55.5","86.6",,,"27.8",,
"Suárez, Ranger","L","79","73.6","34.9","76.7",,"87.6",,,
"Anderson, Grant","R","78.8","80",,"87.2",,,"31.4",,
"Bender, Anthony","R","78.7","80.3","52.7","84.1",,,"38.4","47.7",
"Lovelady, Richard","L","78.6","79.2",,,,,"23.6","33.5",
"Silseth, Chase","R","78.4","76",,,"49.6",,,"67.8",
"Leclerc, José","R","78.3","79.4","42.2","83.5",,,"41.7",,
"Díaz, Alexis","R","78.3",,,,,,"26.7",,
"King, John","L","78.2","81.4",,"94.6",,,"26.1",,
"Kelly, Kevin","R","78.2","82.2","45",,,,,"73.7",
"Stratton, Hunter","R","77.9",,"54.2",,,,"45.7",,
"Fedde, Erick","R","77.8","70.7","52","67.6",,,,"42.2",
"Domínguez, Seranthony","R","77.8","78.4",,"97.6",,,"36.1","38.9",
"Hurter, Brant","L","77.4","81.4",,"97.5",,,,"40.1",
"Toussaint, Touki","R","77.4","71.4",,,"74.7","84.7",,,
"Moll, Sam","L","77.2","83",,"89.2",,,,"51.7",
"Junis, Jakob","R","77","71.2",,"76.4",,,"49",,
"Lazar, Max","R","76.8",,"45.9",,,"87.6",,,
"Thompson, Ryan","R","76.3","80.1",,,,,"71.2",,
"López, Pablo","R","76.3","78.3",,"87.4",,"68.7",,"47.9",
"Treinen, Blake","R","76.3","76.9","37.6",,,,,"54.4",
"Thornton, Trent","R","76.3","73.4","31.9","67.1",,"63.4","30.1","45.4",
"Núñez, Dedniel","R","76.2","76.6",,,,,"24.3",,
"Poteet, Cody","R","76.2","70.4",,"77.7",,"67",,"53.5",
"Weissert, Greg","R","76.1","81.4",,"99.3",,,"37.3","73.4",
"Hodge, Porter","R","76",,,,,,,"64.1",
"Muller, Kyle","L","76",,,"83.3",,"67.4","12.9",,
"Webb, Logan","R","75.9","75.9","47.4","82.2",,,,"55.6",
"Scott, Tanner","L","75.8",,,,,,"32.9",,
"Avila, Pedro","R","75.6","71.8",,"24.5",,"84.7","43","79.1",
"Ginn, J.T.","R","75.5","80.8",,"80",,,"20.3",,
"Bielak, Brandon","R","75.5","71.1",,"82.3",,"85.2",,"35.3",
"Carrasco, Carlos","R","75.2","72.3",,"58.5",,"68.9","27.2","40.4",
"Cronin, Declan","R","75.1","71.5",,,,,"27.6",,
"Stewart, Brock","R","74.9","78.4","41.1",,,,,"57.4",
"Strzelecki, Peter","R","74.7","85.6","38.3","99.3",,,,"52.8",
"Mushinski, Parker","L","74.5","66.1","45.2",,,"79.9",,"57.4",
"Glasnow, Tyler","R","74.1","75.9",,,,"69.1","18.7",,
"Lynn, Lance","R","74.1","69.7","33.2","85.1",,"61.5",,"45.3",
"Kelly, Michael","R","73.9",,,,,,"31.2","68.5",
"Tyler, Kyle","R","73.6",,"70.6",,,"78.5","44.6",,
"Herrin, Tim","L","73.5","70",,,,"50.4","14.3",,
"Teng, Kai-Wei","R","72.8","69",,,,"76.9","14.6","44.3",
"Cuas, Jose","R","72.7","77",,"98.4",,,,"44",
"Hudson, Bryan","L","72.6",,"33",,,,,"81.4",
"Pfaadt, Brandon","R","72.2","78.1",,"82.3","77.5","73.5",,"38.9",
"Rodríguez, Yariel","R","72.1","78.6",,,"92.5","74.3","29.8",,
"Pressly, Ryan","R","71.9","67.8",,"59.4",,"68.5","29.7",,
"Keller, Brad","R","71.9","74.9",,"68.7",,"55.3","45.9","53.1",
"Bolton, Cody","R","71.9","71.9","38.4","75.2",,,,"57.1",
"Castellanos, Humberto","R","71.7","77.8","46.2","94.3",,"66",,,
"Bradish, Kyle","R","71.7","77.7",,,,"69.2","37",,
"Duffey, Tyler","R","71.6","80.9",,"96.2",,"76.8","34.8",,
"Woodford, Jake","R","71.4","80.8","46.7","91.9",,,,"56.7",
"King, Bryan","L","71.3","73",,,,"72.7","56.2",,
"Little, Luke","L","71",,,,,,,"61.6",
"Pallante, Andre","R","70.9","86.2",,,,"78.3","34.1",,
"Brewer, Colten","R","70.7",,,,,"90.8","37.2",,
"Coulombe, Danny","L","70.5","63.8","24.2",,,"96.9",,"53.3",
"Thompson, Keegan","R","69.3",,"43","60",,"78.3",,"42.9",
"Suter, Brent","L","69.1","85.6",,"93.1",,,"42.1",,
"Paredes, Enoli","R","68.9","67.3",,,,,"38.8",,
"Kittredge, Andrew","R","68.6","81.1",,,,,"34",,
"Barlow, Scott","R","68.2","69",,,,"89.9","59.7","62.5",
"Williams, Trevor","R","67","73.7",,"89.6",,,"38.5","53",
"Zastryzny, Rob","L","66.6",,"36.3",,,,,,
"Fried, Max","L","66.4","65.3","29.1","87.3",,"90.9","44.1","67.5",
"Pint, Riley","R","66.2",,,,,,"30.7",,
"Roycroft, Chris","R","66.1","92.3",,,,,,"49.4",
"Steele, Justin","L","65.3","72.9",,"79.4",,"71.1","45.9",,
"Phillips, Tyler","R","64.5","84.1",,"90.1",,"74.7",,"40.4",
"Anderson, Shaun","R","63.7","69.9",,"79.1",,,"38.7","49.8",
"Miller, Tyson","R","63.1","65.8",,"65.9",,"83.7",,"54.5",
"Musgrove, Joe","R","63.1","64.9","40.8","61.9",,"83.9",,"67.2",
"Festa, Matt","R","62.9",,"42.2",,,,,"48.5",
"Gray, Sonny","R","62.8","62.5","32.5","77.4",,"91.6",,"61.9",
"Stroman, Marcus","R","60.6","60.1","27.9",,"79.2","76.2","26.3",,"54.9"
"Cimber, Adam","R","57.3","63.7",,,,,"68.2",,
"Adams, Austin","R","55.9","54.1",,,,,"33.6",,
"Cosgrove, Tom","L","55.1","59.1",,,,,,"60.6",
"Turnbull, Spencer","R","53.3","71.7",,"90",,"87.6","40.9","48.6",
"Snider, Collin","R","47.1","52.8","26.4",,,,,"63.8",